{
  "$schema": "https://schemas.wp.org/trunk/theme.json",
  "version": 3,
  "settings": {
    "color": {
      "palette": [
        { "slug": "top", "color": "#FF6B6B", "name": "Top" },
        { "slug": "up", "color": "#4ECDC4", "name": "Up" },
        { "slug": "charm", "color": "#FFE66D", "name": "Charm" },
        { "slug": "bottom", "color": "#95E1D3", "name": "Bottom" },
        { "slug": "down", "color": "#A8DADC", "name": "Down" },
        { "slug": "strange", "color": "#C77DFF", "name": "Strange" }
      ]
    },
    "typography": {
      "fontFamilies": [
        {
          "fontFamily": "Geologica, system-ui, -apple-system, 'Segoe UI', Roboto, sans-serif",
          "name": "Geologica",
          "slug": "geologica"
        }
      ]
    }
  },
  "styles": {
    "color": {
      "background": "#0a0e27",
      "text": "#ffffff"
    },
    "typography": {
      "fontFamily": "Geologica, system-ui, -apple-system, 'Segoe UI', Roboto, sans-serif"
    }
  },
  "templateParts": [
    { "name": "header", "area": "header" },
    { "name": "footer", "area": "footer" }
  ]
}
